City_ID,City,Country,Date,Lat,Lng,Max Temp,Humidity,Cloudiness,Wind Speed
0,Ushuaia,AR,2022-09-16 14:52:24,-54.8,-68.3,38.86,48,20,5.75
1,Butaritari,KI,2022-09-16 14:54:35,3.0707,172.7902,81.68,69,81,14.94
2,Saskylakh,RU,2022-09-16 14:54:35,71.9167,114.0833,29.8,87,100,14.9
3,Hithadhoo,MV,2022-09-16 14:54:36,-0.6,73.0833,82.08,66,0,5.61
4,New Norfolk,AU,2022-09-16 14:54:36,-42.7826,147.0587,49.71,89,100,3.0
5,Rikitea,PF,2022-09-16 14:53:13,-23.1203,-134.9692,71.38,76,8,7.65
6,Puerto Ayora,EC,2022-09-16 14:54:36,-0.7393,-90.3518,68.56,86,95,4.0
7,Mataura,NZ,2022-09-16 14:54:37,-46.1927,168.8643,32.58,98,4,2.57
8,Guerrero Negro,MX,2022-09-16 14:54:37,27.9769,-114.0611,69.87,75,0,17.47
9,Cururupu,BR,2022-09-16 14:54:37,-1.8283,-44.8683,87.03,56,75,8.77
10,Christchurch,NZ,2022-09-16 14:53:13,-43.5333,172.6333,45.95,78,27,6.91
11,Dikson,RU,2022-09-16 14:54:38,73.5069,80.5464,36.61,76,92,4.97
12,Burgeo,CA,2022-09-16 14:54:38,47.6167,-57.6152,59.61,77,60,22.64
13,Codrington,AU,2022-09-16 14:54:38,-38.2667,141.9667,49.8,83,100,16.51
14,Cape Town,ZA,2022-09-16 14:50:04,-33.9258,18.4232,69.12,63,20,8.01
15,Qaanaaq,GL,2022-09-16 14:54:38,77.484,-69.3632,33.28,89,100,5.12
16,Pemba,MZ,2022-09-16 14:54:39,-12.974,40.5178,79.5,65,20,14.0
17,Labuhan,ID,2022-09-16 14:54:39,-6.8844,112.2051,77.59,83,100,6.76
18,Warrington,GB,2022-09-16 14:54:39,53.3925,-2.5802,62.91,50,20,17.27
19,Albany,US,2022-09-16 14:52:31,42.6001,-73.9662,63.27,65,60,6.24
20,Port Alfred,ZA,2022-09-16 14:54:13,-33.5906,26.891,66.18,83,66,5.99
21,Platanos,GR,2022-09-16 14:54:40,37.6667,21.6167,88.57,54,2,7.45
22,Katsuura,JP,2022-09-16 14:54:40,35.1333,140.3,78.12,69,99,8.81
23,San Cristobal,VE,2022-09-16 14:53:10,7.7669,-72.225,75.38,51,79,7.07
24,Taltal,CL,2022-09-16 14:54:40,-25.4,-70.4833,60.46,67,40,4.07
25,Verkhnyaya Toyma,RU,2022-09-16 14:54:41,62.2349,44.9985,53.02,94,95,7.87
26,Punta Arenas,CL,2022-09-16 14:54:41,-53.15,-70.9167,41.11,56,40,17.27
27,Srbac,BA,2022-09-16 14:54:42,45.0978,17.525,64.53,90,100,6.91
28,Brits,ZA,2022-09-16 14:54:42,-25.6347,27.7802,87.53,15,14,8.28
29,Lebu,CL,2022-09-16 14:54:42,-37.6167,-73.65,44.35,92,100,16.4
30,Saldanha,ZA,2022-09-16 14:54:43,-33.0117,17.9442,66.25,85,45,12.08
31,Vardo,NO,2022-09-16 14:54:43,70.3705,31.1107,46.38,93,100,20.71
32,East London,ZA,2022-09-16 14:54:43,-33.0153,27.9116,68.94,73,0,14.97
33,Cherskiy,RU,2022-09-16 14:54:44,68.75,161.3,34.57,91,100,9.08
34,Bluff,NZ,2022-09-16 14:54:44,-46.6,168.3333,45.41,75,50,12.82
35,Ribeira Grande,PT,2022-09-16 14:54:44,38.5167,-28.7,77.4,78,20,13.8
36,Grindavik,IS,2022-09-16 14:54:44,63.8424,-22.4338,50.47,76,100,12.66
37,College,US,2022-09-16 14:50:58,64.8569,-147.8028,45.81,93,40,5.75
38,Upernavik,GL,2022-09-16 14:52:02,72.7868,-56.1549,39.02,93,100,6.82
39,Kahului,US,2022-09-16 14:54:45,20.8947,-156.47,76.84,87,20,3.0
40,Kapaa,US,2022-09-16 14:54:45,22.0752,-159.319,76.87,75,66,3.85
41,Bethel,US,2022-09-16 14:54:45,41.3712,-73.414,65.48,63,13,1.01
42,Ixtapa,MX,2022-09-16 14:54:46,20.7,-105.2,81.23,86,100,1.01
43,Aparecida Do Taboado,BR,2022-09-16 14:51:02,-20.0867,-51.0936,84.0,37,29,7.09
44,Saint George,US,2022-09-16 14:51:01,37.1041,-113.5841,72.95,61,75,6.91
45,Vytegra,RU,2022-09-16 14:54:46,61.0064,36.4481,53.98,93,100,10.22
46,Mandalgovi,MN,2022-09-16 14:54:46,45.7625,106.2708,37.49,78,20,21.41
47,Atuona,PF,2022-09-16 14:55:47,-9.8,-139.0333,76.3,69,25,19.33
48,Bredasdorp,ZA,2022-09-16 14:55:47,-34.5322,20.0403,64.09,63,66,20.51
49,Vaini,TO,2022-09-16 14:55:47,-21.2,-175.2,71.76,94,20,4.61
50,Yar-Sale,RU,2022-09-16 14:55:47,66.8333,70.8333,48.4,85,100,7.52
51,Arraial Do Cabo,BR,2022-09-16 14:55:48,-22.9661,-42.0278,64.36,88,100,6.91
52,Barrow,US,2022-09-16 14:55:48,71.2906,-156.7887,34.83,85,100,19.57
53,Khatanga,RU,2022-09-16 14:55:48,71.9667,102.5,27.77,90,100,12.59
54,Ponta Do Sol,PT,2022-09-16 14:55:49,32.6667,-17.1,83.71,72,10,5.68
55,Iwaki,JP,2022-09-16 14:55:49,37.05,140.8833,67.77,93,67,1.01
56,Port Elizabeth,ZA,2022-09-16 14:55:50,-33.918,25.5701,69.1,86,75,20.71
57,Pevek,RU,2022-09-16 14:55:50,69.7008,170.3133,34.54,78,100,5.88
58,Torbay,CA,2022-09-16 14:55:50,47.6666,-52.7314,60.39,86,75,17.27
59,Kirakira,SB,2022-09-16 14:55:50,-10.4544,161.9205,78.44,86,6,5.41
60,Darbhanga,IN,2022-09-16 14:55:51,26.1667,85.9,84.4,73,88,4.32
61,Avarua,CK,2022-09-16 14:55:51,-21.2078,-159.775,73.45,78,40,16.11
62,Hobart,AU,2022-09-16 14:55:51,-42.8794,147.3294,50.05,94,75,16.11
63,Tessalit,ML,2022-09-16 14:55:52,20.1986,1.0114,106.02,8,89,13.33
64,Hilo,US,2022-09-16 14:55:52,19.7297,-155.09,76.28,88,20,1.01
65,Jamestown,US,2022-09-16 14:54:03,42.097,-79.2353,69.03,89,20,1.99
66,Karlshamn,SE,2022-09-16 14:55:52,56.1706,14.8619,59.49,72,82,11.9
67,Dingle,PH,2022-09-16 14:55:52,10.9995,122.6711,75.52,93,100,6.11
68,Iqaluit,CA,2022-09-16 14:55:53,63.7506,-68.5145,46.13,65,40,3.44
69,Raudeberg,NO,2022-09-16 14:55:53,61.9875,5.1352,50.67,9,100,35.19
70,Ilulissat,GL,2022-09-16 14:55:53,69.2167,-51.1,39.33,85,100,5.77
71,Lavrentiya,RU,2022-09-16 14:55:54,65.5833,-171.0,43.68,94,100,17.25
72,Westport,US,2022-09-16 14:55:54,41.1415,-73.3579,68.9,57,9,1.01
73,Mwene-Ditu,CD,2022-09-16 14:55:54,-7.0,23.45,87.44,33,72,3.8
74,Saint Anthony,US,2022-09-16 14:55:55,45.0205,-93.218,68.14,86,100,1.99
75,Xichang,CN,2022-09-16 14:55:55,27.8964,102.2634,66.61,91,35,2.1
76,Constitucion,CL,2022-09-16 14:55:55,-35.3333,-72.4167,57.2,84,100,9.55
77,Zhanaozen,KZ,2022-09-16 14:55:55,43.3,52.8,73.87,30,100,2.8
78,Aklavik,CA,2022-09-16 14:52:58,68.2191,-135.0107,37.4,93,100,5.75
79,Luzhou,CN,2022-09-16 14:55:56,28.8724,105.4405,75.51,88,100,3.85
80,Saint-Joseph,RE,2022-09-16 14:55:56,-21.3667,55.6167,68.38,79,47,15.57
81,Ghanaur,IN,2022-09-16 14:55:56,30.3322,76.6072,81.39,70,76,1.16
82,Salto,UY,2022-09-16 14:52:03,-31.3833,-57.9667,66.36,64,0,16.11
83,Mehamn,NO,2022-09-16 14:55:57,71.0357,27.8492,46.35,87,100,14.97
84,Esperance,AU,2022-09-16 14:55:57,-33.8667,121.9,53.11,76,8,11.74
85,Kilindoni,TZ,2022-09-16 14:55:58,-7.9139,39.6668,76.55,75,7,12.46
86,Sinnamary,GF,2022-09-16 14:55:58,5.3833,-52.95,84.56,73,57,10.0
87,Maymyo,MM,2022-09-16 14:55:58,22.0333,96.4667,65.88,92,99,0.56
88,Buchanan,LR,2022-09-16 14:55:59,5.8808,-10.0467,76.69,91,100,10.71
89,Hermanus,ZA,2022-09-16 14:55:59,-34.4187,19.2345,62.8,82,71,16.49
90,Port Blair,IN,2022-09-16 14:55:59,11.6667,92.75,77.04,94,40,2.3
91,San Andres,CO,2022-09-16 14:52:33,12.5847,-81.7006,78.82,94,75,4.61
92,Yellowknife,CA,2022-09-16 14:52:38,62.456,-114.3525,52.32,87,20,11.5
93,Pangnirtung,CA,2022-09-16 14:57:00,66.1451,-65.7125,41.0,87,20,4.61
94,Evensk,RU,2022-09-16 14:57:00,61.95,159.2333,37.45,59,8,9.37
95,Inhambane,MZ,2022-09-16 14:57:00,-23.865,35.3833,77.0,73,0,11.99
96,Rennes,FR,2022-09-16 14:55:57,48.1667,-1.6667,66.24,45,40,19.57
97,Vila Velha,BR,2022-09-16 14:54:22,-20.3297,-40.2925,73.35,89,75,4.61
98,Concordia,AR,2022-09-16 14:57:01,-31.393,-58.0209,66.27,64,0,16.11
99,Carnarvon,AU,2022-09-16 14:57:01,-24.8667,113.6333,66.52,73,0,20.0
100,Iberia,US,2022-09-16 14:57:01,29.9502,-91.7507,82.96,70,0,8.1
101,Clyde River,CA,2022-09-16 14:57:01,70.4692,-68.5914,37.63,100,100,6.91
102,Olafsvik,IS,2022-09-16 14:57:02,64.8945,-23.7142,49.87,80,100,7.52
103,Busselton,AU,2022-09-16 14:57:02,-33.65,115.3333,55.51,74,35,4.16
104,Severo-Kurilsk,RU,2022-09-16 14:57:03,50.6789,156.125,48.7,79,10,15.48
105,Huarmey,PE,2022-09-16 14:57:03,-10.0681,-78.1522,66.07,77,99,7.87
106,Pechenga,RU,2022-09-16 14:57:03,69.5259,31.1703,45.61,97,100,19.46
107,Tezu,IN,2022-09-16 14:57:04,27.9167,96.1667,76.24,96,56,2.82
108,Castro,BR,2022-09-16 14:57:04,-24.7911,-50.0119,59.34,72,92,9.1
109,Tuktoyaktuk,CA,2022-09-16 14:55:33,69.4541,-133.0374,33.8,100,75,4.61
110,Malanje,AO,2022-09-16 14:57:05,-9.5402,16.341,89.73,24,83,2.73
111,Tasiilaq,GL,2022-09-16 14:57:05,65.6145,-37.6368,39.09,73,100,4.74
112,Gaspe,CA,2022-09-16 14:57:05,48.8334,-64.4819,46.31,93,100,10.36
113,Abu Samrah,SY,2022-09-16 14:57:06,35.3029,37.1841,90.5,17,0,3.27
114,Ngaoundere,CM,2022-09-16 14:54:06,7.3167,13.5833,70.81,89,91,6.2
115,Shingu,JP,2022-09-16 14:57:07,33.7333,135.9833,78.06,84,97,15.82
116,Anadyr,RU,2022-09-16 14:57:07,64.75,177.4833,43.3,81,75,17.9
117,Tautira,PF,2022-09-16 14:57:07,-17.7333,-149.15,76.57,67,74,18.77
118,Bonga,ET,2022-09-16 14:57:08,7.2833,36.2333,63.61,97,79,1.95
119,Tiksi,RU,2022-09-16 14:57:08,71.6872,128.8694,38.14,77,99,18.61
120,Mananjary,MG,2022-09-16 14:57:08,-21.2167,48.3333,69.6,83,1,8.19
121,Rocha,UY,2022-09-16 14:55:26,-34.4833,-54.3333,67.73,55,1,14.34
122,Luderitz,NA,2022-09-16 14:57:09,-26.6481,15.1594,66.09,66,100,18.84
123,Mar Del Plata,AR,2022-09-16 14:57:09,-38.0023,-57.5575,64.42,68,75,29.08
124,Narsaq,GL,2022-09-16 14:57:10,60.9167,-46.05,49.86,90,100,10.78
125,Eyl,SO,2022-09-16 14:57:10,7.9803,49.8164,78.58,78,62,25.68
126,Sioux Lookout,CA,2022-09-16 14:57:11,50.1001,-91.917,48.27,100,100,9.22
127,Sobolevo,RU,2022-09-16 14:57:11,54.4299,31.8996,58.89,51,46,13.71
128,Santa Rosa,PH,2022-09-16 14:52:57,14.3122,121.1114,82.38,82,100,9.35
129,Novaya Zaimka,RU,2022-09-16 14:57:11,56.4857,66.9241,52.83,51,100,8.61
130,Riyadh,SA,2022-09-16 14:53:00,24.6877,46.7219,100.54,10,7,9.08
131,Praia Da Vitoria,PT,2022-09-16 14:53:06,38.7333,-27.0667,78.76,78,20,10.04
132,Kibuye,RW,2022-09-16 14:57:12,-2.0597,29.3482,73.2,62,50,5.5
133,Bandarbeyla,SO,2022-09-16 14:57:12,9.4942,50.8122,78.21,82,65,31.21
134,Mount Isa,AU,2022-09-16 14:53:43,-20.7333,139.5,78.57,34,0,13.8
135,Mujiayingzi,CN,2022-09-16 14:57:13,42.1167,118.7833,57.61,72,96,1.5
136,Billings,US,2022-09-16 14:57:13,45.7833,-108.5007,60.51,52,60,0.54
137,Krasnovishersk,RU,2022-09-16 14:57:13,60.4078,57.082,54.91,58,100,7.27
138,Mahebourg,MU,2022-09-16 14:57:14,-20.4081,57.7,72.25,73,75,12.66
139,Funadhoo,MV,2022-09-16 14:58:14,6.15,73.2667,81.3,73,26,8.75
140,Bridlington,GB,2022-09-16 14:58:14,54.0831,-0.1919,58.93,59,100,28.05
141,Komsomolskiy,UZ,2022-09-16 14:58:15,40.4272,71.7189,77.72,29,10,4.61
142,Port Hardy,CA,2022-09-16 14:58:15,50.6996,-127.4199,50.0,100,75,0.0
143,Chiredzi,ZW,2022-09-16 14:58:15,-21.05,31.6667,87.76,14,0,8.72
144,Nikolskoye,RU,2022-09-16 14:58:16,59.7035,30.7861,54.79,68,100,7.65
145,Bambous Virieux,MU,2022-09-16 14:58:16,-20.3428,57.7575,72.21,73,75,12.66
146,Fare,PF,2022-09-16 14:58:17,-16.7,-151.0167,77.38,73,45,22.5
147,Simbahan,PH,2022-09-16 14:58:17,6.3032,120.5836,84.06,71,100,6.93
148,Broome,US,2022-09-16 14:58:17,42.2506,-75.833,63.43,80,21,2.17
149,Laguna,US,2022-09-16 14:58:18,38.421,-121.4238,60.3,88,0,4.61
150,Thompson,CA,2022-09-16 14:58:18,55.7435,-97.8558,44.76,100,75,0.0
151,Sakakah,SA,2022-09-16 14:57:03,29.9697,40.2064,103.57,11,0,10.76
152,Conde,BR,2022-09-16 14:58:19,-7.2597,-34.9075,81.86,57,75,11.5
153,Alta Floresta,BR,2022-09-16 14:58:19,-9.8756,-56.0861,89.42,48,35,6.91
154,Lindi,TZ,2022-09-16 14:58:19,-10.0,39.7167,76.41,68,2,12.12
155,Launceston,AU,2022-09-16 14:57:37,-41.45,147.1667,49.64,94,100,11.5
156,Rawson,AR,2022-09-16 14:58:20,-43.3002,-65.1023,51.4,48,100,17.65
157,Souillac,MU,2022-09-16 14:58:20,-20.5167,57.5167,71.98,73,75,12.66
158,Lata,PT,2022-09-16 14:58:21,40.1629,-8.3327,82.49,56,63,5.14
159,Yumen,CN,2022-09-16 14:58:21,40.2833,97.2,64.15,27,0,9.06
160,Ulaanbaatar,MN,2022-09-16 14:58:21,47.9077,106.8832,37.53,87,75,13.42
161,Muros,ES,2022-09-16 14:58:22,42.7762,-9.0603,77.85,63,3,3.85
162,Victoria,HK,2022-09-16 14:54:06,22.2855,114.1577,88.18,68,35,5.99
163,Lagos,NG,2022-09-16 14:58:04,6.5833,3.75,83.41,67,89,8.9
164,Merauke,ID,2022-09-16 14:55:05,-8.4667,140.3333,78.75,85,100,13.15
165,Betioky,MG,2022-09-16 14:58:23,-23.7167,44.3833,79.2,42,57,10.56
166,Neunkirchen,DE,2022-09-16 14:58:23,49.35,7.1833,61.59,53,20,13.8
167,Isangel,VU,2022-09-16 14:58:23,-19.55,169.2667,70.7,84,31,10.76
168,Adrar,MR,2022-09-16 14:58:24,20.5022,-10.0711,98.31,16,4,13.91
169,Soltsy,RU,2022-09-16 14:58:24,58.1239,30.3238,52.92,79,85,8.14
170,Gazanjyk,TM,2022-09-16 14:58:25,39.2446,55.5154,82.24,30,71,4.7
171,Manthani,IN,2022-09-16 14:58:25,18.65,79.6667,77.67,88,93,5.53
172,Airai,TL,2022-09-16 14:58:25,-8.9266,125.4092,58.62,76,63,2.17
173,Dawson Creek,CA,2022-09-16 14:58:26,55.7666,-120.2362,42.44,87,0,2.3
174,Ishigaki,JP,2022-09-16 14:58:26,24.3448,124.1572,78.93,89,75,9.22
175,Ostrovnoy,RU,2022-09-16 14:58:26,68.0531,39.5131,48.47,98,100,5.86
176,Erenhot,CN,2022-09-16 14:58:27,43.6475,111.9767,67.24,12,29,23.98
177,Rawah,IQ,2022-09-16 14:58:27,34.4816,41.9093,92.55,17,0,9.64
178,Touros,BR,2022-09-16 14:58:27,-5.1989,-35.4608,84.27,54,16,15.97
179,Jasdan,IN,2022-09-16 14:58:27,22.0333,71.2,78.24,81,55,12.24
180,Arzgir,RU,2022-09-16 14:58:28,45.3728,44.2206,77.31,42,91,8.99
181,High Rock,BS,2022-09-16 14:58:28,26.6208,-78.2833,75.22,71,81,7.58
182,Ketchikan,US,2022-09-16 14:58:28,55.3422,-131.6461,43.27,100,20,0.0
183,Ust-Tsilma,RU,2022-09-16 14:58:29,65.441,52.1498,50.65,87,100,4.79
184,Zanesville,US,2022-09-16 14:58:29,39.9404,-82.0132,70.5,84,47,1.01
185,Hambantota,LK,2022-09-16 14:59:29,6.1241,81.1185,82.74,69,20,11.5
186,Wattegama,LK,2022-09-16 14:59:30,6.7989,81.4808,81.18,61,34,5.7
187,Jumla,NP,2022-09-16 14:59:30,29.2747,82.1838,58.82,96,100,1.95
188,Sarkand,KZ,2022-09-16 14:59:30,45.41,79.9186,49.28,34,4,3.04
189,Rawlins,US,2022-09-16 14:59:30,41.7911,-107.2387,55.35,75,100,16.49
190,Kefalos,GR,2022-09-16 14:59:31,36.7453,26.9589,82.62,51,0,12.66
191,Mahibadhoo,MV,2022-09-16 14:59:31,3.7833,72.9667,81.23,70,17,6.17
192,Ust-Karsk,RU,2022-09-16 14:56:48,52.7011,118.8077,45.57,96,100,9.6
193,Richards Bay,ZA,2022-09-16 14:59:31,-28.783,32.0377,78.89,57,0,14.85
194,Jacqueville,CI,2022-09-16 14:59:32,5.2052,-4.4146,76.59,88,100,13.09
195,Puerto Baquerizo Moreno,EC,2022-09-16 14:59:32,-0.9,-89.6,67.19,83,75,6.91
196,Sao Domingos,BR,2022-09-16 14:59:32,-13.3983,-46.3183,98.6,14,2,3.85
197,Raga,SS,2022-09-16 14:59:33,8.4596,25.678,74.75,88,100,5.08
198,Dzhebariki-Khaya,RU,2022-09-16 14:59:33,62.2167,135.8,31.32,94,33,2.13
199,Sehithwa,BW,2022-09-16 14:59:33,-20.4667,22.7167,88.27,11,0,10.16
200,Rangapara,IN,2022-09-16 14:59:34,26.8167,92.65,76.87,95,93,2.89
201,Coquimbo,CL,2022-09-16 14:59:34,-29.9533,-71.3436,55.13,87,100,10.36
202,Ilhabela,BR,2022-09-16 14:59:35,-23.7781,-45.3581,64.83,88,100,4.92
203,Klaksvik,FO,2022-09-16 14:59:35,62.2266,-6.589,49.12,76,88,18.07
204,Iaciara,BR,2022-09-16 14:59:35,-14.0958,-46.6317,102.16,11,4,1.07
205,Tarakan,ID,2022-09-16 14:59:36,3.3,117.6333,82.62,74,99,6.04
206,Chippewa Falls,US,2022-09-16 14:59:36,44.9369,-91.3929,67.71,86,93,10.58
207,Zavodouspenskoye,RU,2022-09-16 14:59:36,56.8626,65.0155,57.49,45,100,9.24
208,Nizwa,OM,2022-09-16 14:58:15,22.9333,57.5333,97.95,18,76,11.48
209,Urusha,RU,2022-09-16 14:59:37,54.05,122.9,43.43,90,100,1.72
210,Jinchang,CN,2022-09-16 14:59:37,38.4953,102.1739,63.25,60,100,4.72
211,Starodub,RU,2022-09-16 14:59:37,52.5844,32.7633,60.35,56,74,9.64
212,Pinawa,CA,2022-09-16 14:59:38,50.1489,-95.8811,51.85,84,100,10.13
213,Okakarara,NA,2022-09-16 14:59:38,-20.5833,17.4333,87.1,9,1,10.87
214,Faanui,PF,2022-09-16 14:59:38,-16.4833,-151.75,77.67,74,58,23.82
215,Lethem,GY,2022-09-16 14:59:39,3.3803,-59.7968,92.07,49,38,7.27
216,Havre,FR,2022-09-16 14:59:39,49.5833,0.3333,61.2,63,75,12.66
217,Lauria,IT,2022-09-16 14:59:40,40.0465,15.8358,78.04,56,42,9.69
218,Praia,CV,2022-09-16 14:59:11,14.9215,-23.5087,84.74,70,20,17.27
219,Plymouth,US,2022-09-16 14:56:38,41.8334,-70.8328,68.16,52,8,1.01
220,Bloomfield,US,2022-09-16 14:59:11,40.8068,-74.1854,70.21,51,40,4.61
221,Portland,US,2022-09-16 14:59:41,45.5234,-122.6762,59.45,80,98,1.01
222,Teresita,PH,2022-09-16 14:59:41,6.4136,124.7072,75.9,86,94,0.89
223,Chokurdakh,RU,2022-09-16 14:59:41,70.6333,147.9167,32.65,81,94,4.07
224,Sandpoint,US,2022-09-16 14:58:02,48.2766,-116.5533,56.71,96,100,3.44
225,Bosaso,SO,2022-09-16 14:59:43,11.2842,49.1816,93.18,62,0,10.36
226,Itupeva,BR,2022-09-16 14:59:43,-23.1531,-47.0578,71.04,68,75,24.16
227,Saint-Philippe,RE,2022-09-16 14:59:44,-21.3585,55.7679,69.39,84,53,15.5
228,Dzhankoy,UA,2022-09-16 14:59:44,45.7167,34.4,80.87,42,60,15.64
229,Vanimo,PG,2022-09-16 14:59:44,-2.6741,141.3028,77.5,89,100,5.19
230,Mattru,SL,2022-09-16 14:59:44,7.6244,-11.8332,80.28,87,88,5.86
231,Weihe,CN,2022-09-16 14:59:45,32.9952,105.3247,61.16,97,100,3.09
232,Nilokheri,IN,2022-09-16 14:59:45,29.8333,76.9167,74.28,93,92,9.19
233,Vao,NC,2022-09-16 14:59:45,-22.6667,167.4833,70.2,64,56,13.42
234,Lompoc,US,2022-09-16 15:00:46,34.6391,-120.4579,67.78,93,20,4.61
235,Loanda,AO,2022-09-16 15:00:46,-8.8368,13.2343,77.0,73,20,5.75
236,Cagliari,IT,2022-09-16 15:00:47,39.245,9.0912,84.9,61,20,6.91
237,Mana,GF,2022-09-16 15:00:48,5.6592,-53.7767,84.38,74,66,8.59
238,Biltine,TD,2022-09-16 15:00:48,14.5333,20.9167,83.73,61,100,8.93
239,Kavaratti,IN,2022-09-16 15:00:49,10.5669,72.642,80.91,78,41,10.07
240,Meulaboh,ID,2022-09-16 15:00:49,4.1363,96.1285,77.16,87,94,2.1
241,Yulara,AU,2022-09-16 15:00:50,-25.2406,130.9889,62.64,38,25,14.54
242,Catuday,PH,2022-09-16 15:00:50,16.2923,119.8062,79.0,76,86,4.7
243,Goderich,CA,2022-09-16 15:00:06,43.7501,-81.7165,69.91,76,100,7.56
244,Te Anau,NZ,2022-09-16 15:00:50,-45.4167,167.7167,35.83,93,46,0.72
245,Georgetown,MY,2022-09-16 14:56:23,5.4112,100.3354,81.9,86,20,2.3
246,Maracacume,BR,2022-09-16 15:00:51,-2.0428,-45.9592,93.52,42,36,6.42
247,Tiko,CM,2022-09-16 15:00:51,4.0745,9.3699,78.78,84,100,9.44
248,Gat,IL,2022-09-16 15:00:52,31.61,34.7642,87.4,9,0,13.02
249,Ramanagaram,IN,2022-09-16 15:00:52,12.7167,77.3,77.41,87,24,6.69
250,Niono,ML,2022-09-16 15:00:52,14.2526,-5.993,90.93,45,71,10.16
251,Bengkulu,ID,2022-09-16 15:00:53,-3.8004,102.2655,76.82,88,97,3.89
252,Livingston,GB,2022-09-16 14:58:52,55.9029,-3.5226,58.86,50,40,6.91
253,Tambacounda,SN,2022-09-16 15:00:54,13.7539,-13.7586,91.96,56,74,1.81
254,Nova Vodolaha,UA,2022-09-16 15:00:54,49.7185,35.8708,60.82,93,100,5.82
255,Gonen,TR,2022-09-16 15:00:55,40.1049,27.654,91.02,12,4,4.61
256,Nouadhibou,MR,2022-09-16 15:00:55,20.931,-17.0347,76.05,73,0,20.96
257,Narasannapeta,IN,2022-09-16 15:00:56,18.4167,84.05,82.98,82,100,9.35
258,Pittenweem,GB,2022-09-16 15:00:56,56.2141,-2.7284,57.88,47,75,14.97
259,Divnogorsk,RU,2022-09-16 15:00:57,55.9594,92.3619,39.69,59,99,2.82
260,Ponta Delgada,PT,2022-09-16 14:59:27,37.7333,-25.6667,77.72,88,20,13.8
261,Mount Vernon,US,2022-09-16 14:59:07,40.9126,-73.8371,69.69,55,10,1.01
262,Toshkivka,UA,2022-09-16 15:00:57,48.7791,38.579,65.12,90,100,5.23
263,Najran,SA,2022-09-16 15:00:58,17.4924,44.1277,87.87,16,99,8.88
264,West Plains,US,2022-09-16 14:59:20,36.7281,-91.8524,75.22,76,36,3.0
265,Allanridge,ZA,2022-09-16 15:00:58,-27.7543,26.6438,86.61,18,13,2.17
266,Baykit,RU,2022-09-16 15:00:58,61.67,96.37,46.33,89,100,7.83
267,Qaqortoq,GL,2022-09-16 15:00:59,60.7167,-46.0333,49.75,90,100,10.92
268,Xinpu,CN,2022-09-16 15:00:59,34.5997,119.1594,68.74,92,24,4.36
269,Qandala,SO,2022-09-16 15:01:00,11.472,49.8728,88.93,62,94,3.0
270,Samana,DO,2022-09-16 14:57:07,19.2056,-69.3369,88.02,74,75,6.91
271,Belmonte,BR,2022-09-16 15:01:01,-15.8631,-38.8828,77.81,64,99,6.22
272,Lichinga,MZ,2022-09-16 15:01:02,-13.3128,35.2406,68.45,49,100,5.48
273,Zaraza,VE,2022-09-16 15:01:02,9.3503,-65.3245,90.63,53,85,5.12
274,Opunake,NZ,2022-09-16 15:01:03,-39.4556,173.8583,47.12,80,24,4.38
275,Bulgan,MN,2022-09-16 15:01:03,48.8125,103.5347,38.08,89,92,5.37
276,Egvekinot,RU,2022-09-16 15:01:04,66.3167,-179.1667,33.06,95,100,16.84
277,Sitka,US,2022-09-16 15:00:59,57.0531,-135.33,49.19,84,100,4.9
278,Sao Filipe,CV,2022-09-16 15:01:05,14.8961,-24.4956,80.4,77,94,13.2
279,Geraldton,AU,2022-09-16 15:02:05,-28.7667,114.6,52.21,93,0,6.91
280,Vemalwada,IN,2022-09-16 15:02:06,18.4667,78.8833,75.99,86,99,7.05
281,Bangalore,IN,2022-09-16 15:00:21,12.9762,77.6033,74.93,60,36,8.21
282,San Patricio,US,2022-09-16 15:02:06,28.017,-97.5169,84.83,58,0,7.61
283,Cabo San Lucas,MX,2022-09-16 15:02:07,22.8909,-109.9124,84.51,79,1,3.62
284,Yabassi,CM,2022-09-16 15:02:07,4.457,9.9682,78.22,92,91,5.06
285,Karlovac,HR,2022-09-16 15:02:07,45.4872,15.5478,59.47,95,100,5.01
286,Hamilton,US,2022-09-16 15:00:46,39.1834,-84.5333,77.59,79,10,1.99
287,Haines Junction,CA,2022-09-16 15:02:08,60.7522,-137.5108,41.54,94,100,1.39
288,Jalpan,MX,2022-09-16 15:02:09,21.2333,-99.4833,68.9,96,99,2.8
289,Bachaquero,VE,2022-09-16 15:02:09,9.9694,-71.1494,87.03,66,51,9.75
290,Bawku,GH,2022-09-16 15:02:10,11.0616,-0.2417,82.56,67,88,7.45
291,Svolvaer,NO,2022-09-16 15:02:10,68.2342,14.5683,53.58,73,100,4.05
292,Nanortalik,GL,2022-09-16 15:02:10,60.1432,-45.2371,49.05,87,100,8.63
293,Plaisance-Du-Touch,FR,2022-09-16 15:02:11,43.5657,1.2975,78.6,41,45,18.41
294,San Vicente,AR,2022-09-16 15:02:11,-26.6167,-54.1333,73.58,34,1,3.0
295,Berbera,SO,2022-09-16 15:02:12,10.4396,45.0143,93.31,49,4,4.7
296,Swan River,CA,2022-09-16 15:02:12,52.1058,-101.2676,54.12,75,89,7.07
297,Kaeo,NZ,2022-09-16 15:02:13,-35.1,173.7833,50.32,91,3,3.87
298,Padang,ID,2022-09-16 15:02:13,-0.9492,100.3543,77.7,87,96,3.51
299,George Town,MY,2022-09-16 15:02:14,5.4112,100.3354,81.9,83,20,0.0
300,Necochea,AR,2022-09-16 15:02:14,-38.5473,-58.7368,65.35,45,99,21.52
301,Mgandu,TZ,2022-09-16 15:02:14,-5.95,34.1333,79.39,27,8,8.86
302,Merritt Island,US,2022-09-16 15:02:15,28.5392,-80.672,88.09,72,20,8.05
303,Skjervoy,NO,2022-09-16 15:02:15,70.0311,20.9714,50.0,86,100,12.8
304,Sedona,US,2022-09-16 14:59:36,34.8697,-111.761,68.18,62,0,3.62
305,Kavieng,PG,2022-09-16 15:02:16,-2.5744,150.7967,82.38,70,73,15.82
306,Tena,EC,2022-09-16 15:02:16,-0.9833,-77.8167,69.62,99,100,1.39
307,Lazarev,RU,2022-09-16 15:02:16,52.225,141.5131,53.51,58,100,5.44
308,Vaitape,PF,2022-09-16 15:02:17,-16.5167,-151.75,77.67,74,55,23.76
309,Klyuchi,RU,2022-09-16 15:02:17,52.2667,79.1667,48.51,45,43,7.67
310,Salekhard,RU,2022-09-16 15:02:18,66.53,66.6019,53.28,73,100,6.76
311,Kodiak,US,2022-09-16 15:02:18,57.79,-152.4072,49.51,89,100,1.74
312,Cidreira,BR,2022-09-16 15:02:18,-30.1811,-50.2056,64.11,70,8,13.85
313,Areosa,PT,2022-09-16 15:02:20,41.7178,-8.8571,71.67,74,2,6.62
314,Buin,CL,2022-09-16 15:02:20,-33.7333,-70.75,70.88,55,100,4.52
315,Tilichiki,RU,2022-09-16 15:02:21,60.4667,166.1,37.24,73,100,19.66
316,Anloga,GH,2022-09-16 15:02:21,5.7947,0.8973,79.84,77,30,14.18
317,Mangai,CD,2022-09-16 15:02:22,-4.05,19.5333,82.4,63,95,3.78
318,Verkhnyaya Inta,RU,2022-09-16 15:02:22,65.9811,60.3094,53.71,69,100,12.88
319,Den Helder,NL,2022-09-16 14:59:42,52.9599,4.7593,61.99,61,40,23.02
320,Moerai,PF,2022-09-16 15:02:23,-22.4333,-151.3333,72.99,75,96,22.21
321,Osypenko,UA,2022-09-16 15:02:23,46.9136,36.8253,73.56,75,75,12.39
322,Fortuna,US,2022-09-16 15:02:23,40.5982,-124.1573,54.93,92,41,2.77
323,Shenjiamen,CN,2022-09-16 15:02:24,29.9576,122.298,75.72,84,0,4.25
324,Vestmanna,FO,2022-09-16 15:02:24,62.1564,-7.1664,47.32,76,40,17.27
325,Wamba,NG,2022-09-16 15:02:24,8.9333,8.6,80.1,80,100,5.28
326,Angoche,MZ,2022-09-16 15:02:25,-16.2325,39.9086,76.14,70,0,10.94
327,Pacific Grove,US,2022-09-16 15:03:25,36.6177,-121.9166,60.91,82,100,3.44
328,Tuatapere,NZ,2022-09-16 15:03:26,-46.1333,167.6833,36.77,90,5,4.25
329,Penzance,GB,2022-09-16 15:03:26,50.1186,-5.5371,63.77,67,20,19.57
330,Aimores,BR,2022-09-16 15:03:26,-19.4958,-41.0639,78.58,62,100,3.87
331,Norman Wells,CA,2022-09-16 15:03:26,65.282,-126.8329,44.64,100,75,3.44
332,Oksfjord,NO,2022-09-16 15:03:27,70.2396,22.3479,50.18,96,100,5.91
333,Kano,NG,2022-09-16 15:03:27,12.0001,8.5167,88.12,52,88,10.16
334,Pisco,PE,2022-09-16 15:03:27,-13.7,-76.2167,64.2,71,82,5.77
335,Mayo,US,2022-09-16 15:02:45,38.8876,-76.5119,74.5,66,6,1.01
336,Inirida,CO,2022-09-16 15:03:28,3.8653,-67.9239,85.69,66,100,1.12
337,Sangmelima,CM,2022-09-16 15:03:28,2.9333,11.9833,73.47,95,91,4.38
338,Kanigoro,ID,2022-09-16 15:03:28,-8.13,112.219,72.95,89,94,3.49
339,Bambanglipuro,ID,2022-09-16 15:03:29,-7.95,110.2833,77.32,84,97,8.28
340,Davidson,US,2022-09-16 15:03:29,36.1501,-86.7833,80.42,66,20,4.61
341,Puerto Narino,CO,2022-09-16 15:03:29,-3.7703,-70.3831,75.04,74,100,5.35
342,Choya,RU,2022-09-16 15:03:30,52.0108,86.5467,43.16,90,84,1.3
343,Chuy,UY,2022-09-16 15:03:30,-33.6971,-53.4616,65.75,57,3,14.27
344,Chongwe,ZM,2022-09-16 15:03:31,-15.3292,28.682,83.17,24,0,8.81
345,Bathsheba,BB,2022-09-16 15:03:31,13.2167,-59.5167,85.8,69,97,15.66
346,Moi,NO,2022-09-16 15:03:31,58.4567,6.5518,58.39,66,23,11.68
347,Galesong,ID,2022-09-16 15:03:32,-5.3166,119.3661,77.02,71,100,6.08
348,Lubango,AO,2022-09-16 15:03:32,-14.9172,13.4925,83.93,11,3,7.23
349,Ponto Novo,BR,2022-09-16 15:03:33,-10.8628,-40.1336,88.88,24,1,10.78
350,San Quintin,MX,2022-09-16 15:03:33,30.4833,-115.95,67.53,79,45,9.44
351,Vila Franca Do Campo,PT,2022-09-16 15:03:33,37.7167,-25.4333,77.41,74,61,11.01
352,Chimbote,PE,2022-09-16 15:03:34,-9.0853,-78.5783,65.7,77,84,8.52
353,Shimoda,JP,2022-09-16 15:03:34,34.6667,138.95,74.1,79,100,10.27
354,Pemangkat,ID,2022-09-16 15:03:34,1.1667,108.9667,79.95,76,100,1.54
355,Provideniya,RU,2022-09-16 15:03:34,64.3833,-173.3,44.33,96,100,32.14
356,Marmande,FR,2022-09-16 15:03:35,44.5,0.1667,79.11,49,56,14.85
357,Basco,PH,2022-09-16 15:03:35,20.4487,121.9702,82.71,72,89,6.58
358,Haysyn,UA,2022-09-16 15:03:35,48.8114,29.3898,67.14,57,64,4.83
359,Loandjili,CG,2022-09-16 15:03:36,-4.7561,11.8578,77.61,75,70,10.07
360,Mokolo,CM,2022-09-16 15:03:36,10.7398,13.8019,70.81,88,100,6.73
361,Nanchital,MX,2022-09-16 15:03:36,18.0667,-94.4,73.42,100,100,0.0
362,Shache,CN,2022-09-16 15:03:36,38.4167,77.2406,78.84,16,79,6.71
363,Ocos,GT,2022-09-16 15:03:37,14.5094,-92.1933,80.55,83,100,10.18
364,Araouane,ML,2022-09-16 15:03:37,18.9048,-3.5265,106.86,8,10,8.9
365,Tiznit,MA,2022-09-16 15:03:37,29.5833,-9.5,74.98,55,2,12.68
366,Birao,CF,2022-09-16 15:03:38,10.2849,22.7882,72.9,97,100,4.12
367,La Palma,US,2022-09-16 15:03:38,33.8464,-118.0467,71.33,87,40,4.61
368,Samarai,PG,2022-09-16 15:03:38,-10.6167,150.6667,81.01,83,78,12.24
369,Yaan,NG,2022-09-16 15:03:38,7.3833,8.5667,80.78,75,73,8.72
370,Axim,GH,2022-09-16 15:03:39,4.8699,-2.2405,79.36,75,100,9.78
371,Kaitangata,NZ,2022-09-16 15:03:39,-46.2817,169.8464,35.83,91,6,6.96
372,Iralaya,HN,2022-09-16 15:03:39,15.0,-83.2333,83.41,78,99,7.94
373,Moorhead,US,2022-09-16 15:04:40,46.8739,-96.7676,59.02,96,100,6.91
374,Beyneu,KZ,2022-09-16 15:04:40,45.3167,55.2,72.86,33,93,4.09
375,Pangody,RU,2022-09-16 15:04:40,65.85,74.4859,51.24,78,100,5.32
376,Sabang,ID,2022-09-16 15:03:43,5.8933,95.3214,82.74,77,8,15.86
377,Wajima,JP,2022-09-16 15:04:41,37.4,136.9,74.84,87,100,4.81
378,San Rafael Del Sur,NI,2022-09-16 15:04:41,11.8485,-86.4384,81.57,73,92,9.06
379,Ukiah,US,2022-09-16 15:02:10,39.1502,-123.2078,59.65,88,0,0.0
380,Freetown,SL,2022-09-16 15:04:42,8.484,-13.2299,82.09,75,82,8.5
381,Cockburn Town,TC,2022-09-16 15:02:26,21.4612,-71.1419,83.89,75,20,18.63
382,Berlevag,NO,2022-09-16 15:04:42,70.8578,29.0864,46.4,81,75,19.57
383,Nome,US,2022-09-16 15:04:42,64.5011,-165.4064,50.07,93,75,18.41
384,Capitao Poco,BR,2022-09-16 15:04:43,-1.7464,-47.0594,93.2,43,27,6.35
385,Talnakh,RU,2022-09-16 15:04:44,69.4865,88.3972,30.31,86,50,5.93
386,Lieksa,FI,2022-09-16 15:04:44,63.3167,30.0167,52.84,78,69,8.34
387,Nileshwar,IN,2022-09-16 15:04:45,12.25,75.1,77.86,86,39,5.75
388,Show Low,US,2022-09-16 15:04:45,34.2542,-110.0298,66.07,54,0,6.91
389,Nuuk,GL,2022-09-16 15:04:20,64.1835,-51.7216,47.01,100,75,11.5
390,Dullewala,PK,2022-09-16 15:04:46,31.8359,71.4362,97.3,25,0,5.86
391,Gazojak,TM,2022-09-16 15:04:47,41.1875,61.4036,79.68,17,95,12.95
392,Manaure,CO,2022-09-16 15:04:47,11.7751,-72.4445,87.87,60,30,7.81
393,Liverpool,GB,2022-09-16 15:00:46,53.4106,-2.9779,62.74,50,20,17.27
394,Roma,US,2022-09-16 15:04:03,43.2128,-75.4557,61.72,72,75,1.01
395,Lorengau,PG,2022-09-16 15:01:24,-2.0226,147.2712,81.05,72,100,9.95
396,Ipameri,BR,2022-09-16 15:02:11,-17.7219,-48.1597,90.14,28,12,5.5
397,Maba,CN,2022-09-16 15:04:47,24.6841,113.5984,78.4,59,3,1.03
398,Gunupur,IN,2022-09-16 15:04:48,19.0833,83.8167,80.69,84,70,1.34
399,Markova,UA,2022-09-16 15:04:48,48.6758,24.4138,57.7,74,100,1.23
400,Gigmoto,PH,2022-09-16 15:02:07,13.7796,124.39,80.19,86,69,9.64
401,Seoul,KR,2022-09-16 15:00:59,37.5683,126.9778,74.59,92,94,2.55
402,Tecoanapa,MX,2022-09-16 15:04:49,16.5167,-98.75,78.76,81,69,3.18
403,Asau,RO,2022-09-16 15:04:49,46.4333,26.4,74.32,54,92,2.66
404,Auce,LV,2022-09-16 15:04:50,56.4598,22.9017,53.1,87,93,13.35
405,Markivka,UA,2022-09-16 15:04:50,49.5229,39.5705,64.53,94,100,11.81
406,Bad Neuenahr-Ahrweiler,DE,2022-09-16 15:04:50,50.55,7.1,59.56,84,100,10.29
407,Boende,CD,2022-09-16 15:01:51,-0.2167,20.8667,84.67,60,95,3.38
408,Ko Samui,TH,2022-09-16 15:04:50,9.5357,99.9357,84.04,69,18,16.93
409,Ambon,ID,2022-09-16 15:02:44,-3.6954,128.1814,81.23,13,40,5.75
410,Ribas Do Rio Pardo,BR,2022-09-16 15:04:51,-20.4431,-53.7592,81.46,36,88,7.36
411,Aleksandrov Gay,RU,2022-09-16 15:04:51,50.147,48.5704,62.38,82,100,15.12
412,Songea,TZ,2022-09-16 15:02:22,-10.6833,35.65,72.1,46,96,5.59
413,Khorixas,NA,2022-09-16 15:05:52,-20.3667,14.9667,93.51,9,12,8.01
414,Mitchell,US,2022-09-16 15:04:54,43.7094,-98.0298,62.58,91,100,5.75
415,Noumea,NC,2022-09-16 15:05:52,-22.2763,166.4572,60.78,76,9,6.96
416,Murgab,TM,2022-09-16 15:05:52,37.4966,61.9714,81.25,24,0,7.85
417,Hualmay,PE,2022-09-16 15:05:52,-11.0964,-77.6139,65.66,72,51,7.47
418,Vostok,RU,2022-09-16 15:05:53,46.4856,135.8833,51.85,94,100,3.4
419,Scarborough,GB,2022-09-16 15:05:53,54.2797,-0.4044,58.57,63,100,8.01
420,Rock Sound,BS,2022-09-16 15:05:53,24.9,-76.2,84.27,72,100,13.98
421,Cabedelo,BR,2022-09-16 15:00:54,-6.9811,-34.8339,79.88,60,63,12.48
422,Lagunas,PE,2022-09-16 15:05:54,-5.2269,-75.6753,76.46,64,100,6.78
423,Camana,PE,2022-09-16 15:05:54,-16.6228,-72.7111,65.41,67,5,8.1
424,Wajir,KE,2022-09-16 15:05:54,1.7471,40.0573,90.9,27,46,16.31
425,Alice Springs,AU,2022-09-16 15:05:55,-23.7,133.8833,58.55,38,2,6.91
426,Reconquista,AR,2022-09-16 15:05:55,-29.15,-59.65,74.55,33,10,12.24
427,Nalut,LY,2022-09-16 15:05:55,30.3333,10.85,99.57,9,0,6.4
428,Nara,JP,2022-09-16 15:05:55,34.6851,135.8049,80.49,61,98,9.86
429,Hervey Bay,AU,2022-09-16 15:05:56,-25.2986,152.8535,69.4,90,99,14.25
430,Porbandar,IN,2022-09-16 15:05:56,21.6422,69.6093,80.94,79,100,12.97
431,Namatanai,PG,2022-09-16 15:05:56,-3.6667,152.4333,79.92,77,81,10.69
432,Las Palmas,ES,2022-09-16 15:05:57,28.4204,-14.0131,81.39,48,75,20.71
433,Sierpc,PL,2022-09-16 15:05:57,52.8568,19.6691,59.95,46,66,17.56
434,Sam Phran,TH,2022-09-16 15:05:57,13.727,100.2153,84.18,86,100,6.42
435,Sola,VU,2022-09-16 15:05:58,-13.8833,167.55,80.19,77,20,14.94
436,Macae,BR,2022-09-16 15:05:58,-22.3708,-41.7869,64.2,93,100,6.93
437,Porto Velho,BR,2022-09-16 15:03:55,-8.7619,-63.9039,86.05,42,0,10.36
438,Naugatuck,US,2022-09-16 15:05:59,41.4859,-73.0507,67.17,56,0,6.91
439,Nandu,CN,2022-09-16 15:05:59,22.8525,110.8233,78.28,77,0,2.93
440,Kruisfontein,ZA,2022-09-16 15:05:59,-34.0033,24.7314,66.88,75,22,16.53
441,Pucallpa,PE,2022-09-16 15:02:44,-8.3791,-74.5539,72.1,69,99,1.52
442,Carutapera,BR,2022-09-16 15:05:59,-1.195,-46.02,86.86,57,7,11.65
443,Anjiang,CN,2022-09-16 15:05:16,27.3194,110.1031,81.75,53,85,1.32
444,Ayagoz,KZ,2022-09-16 15:06:01,47.9714,80.4392,47.17,40,0,14.63
445,Sabha,LY,2022-09-16 15:06:01,27.0377,14.4283,97.45,11,0,1.5
446,Hachioji,JP,2022-09-16 15:06:01,35.6558,139.3239,81.48,71,100,4.61
447,Beira,MZ,2022-09-16 15:06:02,-19.8436,34.8389,74.79,69,0,13.18
448,Naze,JP,2022-09-16 15:06:02,28.3667,129.4833,79.25,89,100,25.79
449,Svetlyy,RU,2022-09-16 15:06:02,54.675,20.1347,57.96,74,94,24.23
450,Abonnema,NG,2022-09-16 15:06:03,4.7084,6.7931,75.72,91,100,5.84
451,Sulangan,PH,2022-09-16 15:06:03,11.1373,123.7228,83.48,70,97,16.96
452,Falun,SE,2022-09-16 15:06:04,60.6036,15.626,55.94,79,98,10.71
453,Atambua,ID,2022-09-16 15:06:04,-9.1061,124.8925,72.07,84,43,3.47
454,Saint-Pierre,RE,2022-09-16 15:06:04,-21.3393,55.4781,69.48,78,75,16.11
455,Flin Flon,CA,2022-09-16 15:06:05,54.7682,-101.865,54.41,70,98,6.71
456,Petropavlovsk-Kamchatskiy,RU,2022-09-16 15:06:05,53.0452,158.6483,34.39,100,0,6.71
457,Ratnagiri,IN,2022-09-16 15:06:05,16.9833,73.3,77.94,90,100,9.44
458,Svetlaya,RU,2022-09-16 15:06:06,46.5389,138.3297,54.3,83,100,4.36
459,Conceicao Do Araguaia,BR,2022-09-16 15:01:46,-8.2578,-49.2647,107.02,16,4,3.53
460,Saint-Augustin,CA,2022-09-16 15:07:06,51.226,-58.6502,56.41,67,93,13.09
461,Inuvik,CA,2022-09-16 15:07:06,68.3499,-133.7218,36.43,98,100,6.51
462,Teguise,ES,2022-09-16 15:07:07,29.0605,-13.564,79.02,54,40,20.71
463,Kurchum,KZ,2022-09-16 15:07:07,48.5722,83.6542,52.92,44,5,4.99
464,Deputatskiy,RU,2022-09-16 15:07:07,69.3,139.9,25.12,86,24,3.83
465,Valparaiso,CL,2022-09-16 15:07:08,-33.0393,-71.6273,59.0,100,100,5.75
466,Brae,GB,2022-09-16 15:07:09,60.3964,-1.353,50.45,67,100,24.79
467,Chajul,GT,2022-09-16 15:07:10,15.4853,-91.0342,62.64,74,95,2.24
468,Porto Walter,BR,2022-09-16 15:07:10,-8.2686,-72.7439,69.98,68,100,2.98
469,Crepy-En-Valois,FR,2022-09-16 15:07:10,49.2336,2.8881,64.11,50,86,11.27
470,Cayenne,GF,2022-09-16 15:02:26,4.9333,-52.3333,89.64,62,75,9.22
471,Ust-Shonosha,RU,2022-09-16 15:07:10,61.1531,41.343,54.45,84,100,9.33
472,Dali,CN,2022-09-16 15:07:11,25.7,100.1833,62.47,92,97,3.29
473,Coihaique,CL,2022-09-16 15:07:11,-45.5752,-72.0662,42.75,56,20,0.0
474,Ewa Beach,US,2022-09-16 15:07:11,21.3156,-158.0072,75.4,84,20,4.61
475,Margate,GB,2022-09-16 15:07:12,51.3813,1.3862,63.3,69,38,8.99
476,Uirauna,BR,2022-09-16 15:07:12,-6.5183,-38.4122,90.66,32,7,7.67
477,Atikokan,CA,2022-09-16 15:07:12,48.7555,-91.6216,52.54,97,100,8.93
478,Chifeng,CN,2022-09-16 15:04:54,42.2683,118.9636,56.98,75,85,0.96
479,Guaruja,BR,2022-09-16 15:04:57,-23.9931,-46.2564,70.9,26,100,3.0
480,Tias,ES,2022-09-16 15:07:13,28.9611,-13.645,80.28,54,40,20.71
481,Puerto Cabezas,NI,2022-09-16 15:07:13,14.0351,-83.3888,81.7,82,100,4.72
482,Aksarka,RU,2022-09-16 15:03:13,66.5606,67.7975,53.96,71,100,9.46
483,Kenora,CA,2022-09-16 15:07:13,49.8167,-94.4337,50.77,99,100,15.01
484,Stokmarknes,NO,2022-09-16 15:07:14,68.5646,14.9108,53.58,71,75,11.5
485,Jiwani,PK,2022-09-16 15:07:14,25.05,61.7417,81.36,87,1,7.0
486,Husavik,IS,2022-09-16 15:07:14,66.0449,-17.3389,48.67,67,99,7.87
487,Buraydah,SA,2022-09-16 15:07:05,26.326,43.975,97.86,11,1,11.56
488,Trogir,HR,2022-09-16 15:07:15,43.5125,16.2517,79.79,65,75,13.8
489,Cervo,ES,2022-09-16 15:07:15,43.6702,-7.4101,67.96,74,89,13.33
490,Wukari,NG,2022-09-16 15:07:15,7.85,9.7833,80.73,79,95,8.88
491,Dengzhou,CN,2022-09-16 15:07:16,37.8086,120.7508,67.66,88,0,5.55
492,Indramayu,ID,2022-09-16 15:07:16,-6.3264,108.32,82.17,73,100,6.46
493,Mitsamiouli,KM,2022-09-16 15:07:16,-11.3847,43.2844,76.19,73,5,7.4
494,Voyinka,UA,2022-09-16 15:07:17,45.8699,33.9914,76.48,55,70,15.5
495,Neuquen,AR,2022-09-16 15:06:20,-38.9516,-68.0591,69.69,24,0,5.75
496,Ancud,CL,2022-09-16 15:07:17,-41.8697,-73.8203,43.23,69,100,8.08
497,Tommot,RU,2022-09-16 15:07:17,58.9564,126.2925,36.25,93,9,2.55
498,Lahad Datu,MY,2022-09-16 15:07:18,5.0268,118.327,77.88,85,100,3.74
499,Torrington,US,2022-09-16 15:06:31,41.8007,-73.1212,65.44,56,13,5.01
500,Milas,TR,2022-09-16 15:07:18,37.3164,27.7839,83.55,30,0,16.11
501,Gabu,GW,2022-09-16 15:07:18,12.2833,-14.2167,87.37,69,93,3.78
502,Coromandel,BR,2022-09-16 15:07:19,-18.4733,-47.2003,89.17,29,6,2.33
503,Longyearbyen,SJ,2022-09-16 15:07:19,78.2186,15.6401,31.84,80,75,9.22
504,Leningradskiy,RU,2022-09-16 15:07:20,69.3833,178.4167,33.73,97,100,6.42
505,Lagoa,PT,2022-09-16 15:08:20,39.05,-27.9833,73.18,84,64,15.7
506,Barreirinhas,BR,2022-09-16 15:08:20,-2.7469,-42.8264,87.93,52,78,14.92
507,Peniche,PT,2022-09-16 15:08:21,39.3558,-9.3811,77.29,82,22,9.53
508,Hofn,IS,2022-09-16 15:08:21,64.2539,-15.2082,50.02,76,0,5.75
509,Parana,AR,2022-09-16 15:06:20,-31.732,-60.5238,74.55,44,91,16.37
510,Lac-Megantic,CA,2022-09-16 15:08:21,45.5834,-70.8823,50.52,49,46,12.71
511,Ilawa,PL,2022-09-16 15:08:21,53.596,19.5685,60.85,45,79,14.97
512,Bushehr,IR,2022-09-16 15:08:22,28.9684,50.8385,93.29,40,0,13.8
513,Port Moresby,PG,2022-09-16 15:08:22,-9.4431,147.1797,77.2,92,69,2.59
514,Abu Dhabi,AE,2022-09-16 15:05:56,24.4667,54.3667,96.91,49,0,13.8
515,Miranda,CO,2022-09-16 15:08:22,3.2499,-76.2281,73.53,66,100,4.32
516,Lokosovo,RU,2022-09-16 15:08:23,61.1333,74.8167,49.93,70,50,6.91
517,Nantucket,US,2022-09-16 15:05:57,41.2835,-70.0995,70.09,51,0,11.5
518,Kuruman,ZA,2022-09-16 15:08:23,-27.4524,23.4325,86.0,13,3,13.49
519,Mweka,CD,2022-09-16 15:08:23,-4.85,21.5667,88.41,43,22,2.15
520,Alappuzha,IN,2022-09-16 15:04:38,9.49,76.3264,81.0,84,32,9.78
521,Upata,VE,2022-09-16 15:08:24,8.0086,-62.3989,86.2,60,23,6.31
522,Hereford,GB,2022-09-16 15:08:24,52.0568,-2.7148,63.73,52,27,16.8
523,Flinders,AU,2022-09-16 15:08:24,-34.5833,150.8552,56.17,72,50,4.0
524,Chunoyar,RU,2022-09-16 15:08:25,57.4467,97.3217,42.94,75,76,2.77
525,Jinka,ET,2022-09-16 15:08:25,5.65,36.65,73.87,47,92,2.1
526,Macamic,CA,2022-09-16 15:08:25,48.7502,-78.9996,49.15,64,9,6.02
527,Ust-Nera,RU,2022-09-16 15:08:26,64.5667,143.2,28.94,81,42,4.54
528,Korla,CN,2022-09-16 15:08:26,41.7597,86.1469,73.89,19,87,4.23
529,Kargasok,RU,2022-09-16 15:08:26,59.0556,80.8572,45.99,86,99,4.34
530,Garowe,SO,2022-09-16 15:08:27,8.4054,48.4845,91.22,29,81,16.78
531,Tambura,SS,2022-09-16 15:08:27,5.6,27.4667,74.66,92,80,3.74
532,Avera,US,2022-09-16 15:08:28,33.194,-82.5271,79.56,52,0,7.7
533,Buncrana,IE,2022-09-16 15:08:28,55.1333,-7.45,60.57,59,82,11.81
534,Kupino,RU,2022-09-16 15:08:28,54.3663,77.2981,50.23,54,9,5.5
535,Terenos,BR,2022-09-16 15:05:50,-20.4422,-54.8603,76.71,53,20,11.5
536,Meaford,CA,2022-09-16 15:07:04,44.6001,-80.583,68.25,92,100,1.92
537,Paracuru,BR,2022-09-16 15:08:28,-3.41,-39.0306,84.76,62,58,14.74
538,Lakes Entrance,AU,2022-09-16 15:08:29,-37.8811,147.981,49.15,90,100,7.74
539,Punta Alta,AR,2022-09-16 15:06:46,-38.8759,-62.0736,67.17,40,100,24.05
540,Yangcun,CN,2022-09-16 15:08:29,39.3639,117.0603,76.98,64,69,7.34
541,Mokrous,RU,2022-09-16 15:08:29,51.2333,47.5167,58.42,98,100,5.7
542,Umm Lajj,SA,2022-09-16 15:08:30,25.0213,37.2685,85.82,65,18,15.88
543,Barguzin,RU,2022-09-16 15:08:30,53.6167,109.6167,45.54,82,100,1.74
544,Hirara,JP,2022-09-16 15:08:30,24.8,125.2833,82.26,85,0,15.21
545,New Smyrna Beach,US,2022-09-16 15:08:31,29.0258,-80.927,88.09,74,40,3.44
546,Nelson Bay,AU,2022-09-16 15:08:31,-32.7167,152.15,61.0,81,100,5.01
547,Acapulco,MX,2022-09-16 15:07:25,16.8634,-99.8901,78.62,89,100,4.61
548,Staryy Nadym,RU,2022-09-16 15:08:31,65.6118,72.6842,51.96,74,100,7.38
549,Oranjestad,AW,2022-09-16 15:08:31,12.524,-70.027,89.55,58,20,16.11
550,Caravelas,BR,2022-09-16 15:08:32,-17.7125,-39.2481,80.92,60,100,7.11
551,Warsaw,PL,2022-09-16 15:08:32,52.2298,21.0118,64.56,57,0,19.57
552,Poum,NC,2022-09-16 15:08:32,-20.2333,164.0167,74.34,69,6,18.59
553,Nufaru,RO,2022-09-16 15:08:33,45.15,28.9167,84.72,25,20,8.05
554,Bayonet Point,US,2022-09-16 15:09:33,28.3267,-82.6834,86.29,76,55,3.0
555,Vestmannaeyjar,IS,2022-09-16 15:09:33,63.4427,-20.2734,49.19,81,100,8.05
556,Puerto Escondido,MX,2022-09-16 15:09:34,15.85,-97.0667,81.43,61,40,3.44
557,Marfino,RU,2022-09-16 15:09:34,55.7028,37.3822,55.35,91,75,6.71
558,Paciran,ID,2022-09-16 15:09:34,-6.8767,112.3761,79.21,81,100,6.55
559,Carbonia,IT,2022-09-16 15:09:35,39.1672,8.5222,83.05,53,81,11.03
